Ntops,13
,Age (Ma),Top Names,Event Type,TVD Maps (subsea: m),Erosion Shift Maps (m),Water Depth Maps (m),,TWT Maps (subsea: ms),Lithology ID Maps,Interval Velocity Maps (m/s),Sea Level Change Maps (m),Petroleum Systems Element,Fetch Polygon ASCII File
,0.0,s1,Deposition,top_tvd_1.dat,shift_depo_1.dat,pwd_depo_1.dat,,top_twt_1.dat,lith_1.dat,1500.0,0.0,,
,5.0,s2,Deposition,top_tvd_2.dat,shift_depo_2.dat,pwd_depo_2.dat,,top_twt_2.dat,lith_2.dat,1500.0,0.0,,
,10.0,s3,Deposition,top_tvd_3.dat,shift_depo_3.dat,pwd_depo_3.dat,,top_twt_3.dat,lith_3.dat,2657.12483578,0.0,,
,15.0,s4,Deposition,top_tvd_4.dat,shift_depo_4.dat,pwd_depo_4.dat,,top_twt_4.dat,lith_4.dat,2396.87264035,0.0,,
,20.0,SH1,Deposition,top_tvd_5.dat,shift_depo_5.dat,pwd_depo_5.dat,,top_twt_5.dat,lith_5.dat,2680.90931765,0.0,,
,25.0,SH2,Deposition,top_tvd_6.dat,shift_depo_6.dat,pwd_depo_6.dat,,top_twt_6.dat,lith_6.dat,3206.36174239,0.0,,
,30.0,SH3,Deposition,top_tvd_7.dat,shift_depo_7.dat,pwd_depo_7.dat,,top_twt_7.dat,lith_7.dat,3603.24274327,0.0,,
,35.0,SH4,Deposition,top_tvd_8.dat,shift_depo_8.dat,pwd_depo_8.dat,,top_twt_8.dat,lith_8.dat,4072.26483247,0.0,,
,40.0,s5,Deposition,top_tvd_9.dat,shift_depo_9.dat,pwd_depo_9.dat,,top_twt_9.dat,lith_9.dat,4291.23197195,0.0,,
,45.0,s6,Deposition,top_tvd_10.dat,shift_depo_10.dat,pwd_depo_10.dat,,top_twt_10.dat,lith_10.dat,4697.02046935,0.0,Source,
,50.0,s7,Deposition,top_tvd_11.dat,shift_depo_11.dat,pwd_depo_11.dat,,top_twt_11.dat,lith_11.dat,5058.62059316,0.0,,
,55.0,s8,Deposition,top_tvd_12.dat,shift_depo_12.dat,pwd_depo_12.dat,,top_twt_12.dat,lith_12.dat,4630.4503146,0.0,,
,60.0,BSMT,Deposition,top_tvd_13.dat,shift_depo_13.dat,pwd_depo_13.dat,,top_twt_13.dat,lith_13.dat,0.0,0.0,,
,,,,,,,,,,,,,
,,,,,,,,,,,,,
,,,,,,,,,,,,,
,,,,,,,,,,,,,
,,,,,,,,,,,,,
,,,,,,,,,,,,,
,,,,,,,,,,,,,
,,,,,,,,,,,,,
,,,,,,,,,,,,,
,,,,,,,,,,,,,
,,,,,,,,,,,,,
,,,,,,,,,,,,,
,,,,,,,,,,,,,
,,,,,,,,,,,,,
,,,,,,,,,,,,,
,,,,,,,,,,,,,
,,,,,,,,,,,,,
nphases,nphases.dat
start_age_rift1,start_age_rift1.dat
start_age_rift2,start_age_rift2.dat
start_age_rift3,start_age_rift3.dat
end_age_rift1,end_age_rift1.dat
end_age_rift2,end_age_rift2.dat
end_age_rift2,end_age_rift2.dat
mantlefac_rift1,mantlefac_rift1.dat
mantlefac_rift2,mantlefac_rift2.dat
mantlefac_rift3,mantlefac_rift3.dat
riftmag_rift1,riftmag_rift1.dat
riftmag_rift2,riftmag_rift2.dat
riftmag_rift3,riftmag_rift3.dat
background_hf,background_hf.dat
idepth_model,0
niter_t2d_comp,1
icompact,1
dt_age_PWD,5.0
age_start_PWD,60.0
age_end_PWD,0.0
inv_itype,-1
shift_fac,1.0
TOL_delta_bisec,0.01
iuse_numerical_rift,0
itype_rho_a,1
dt_Myr,2.0
dt_rift_Myr,2.0
dz_lith,5000.0
rift_itype,1
tc_initial,32500.0
tm_initial,92500.0
rho_water,1030.0
rho_crust,2800.0
rho_mantle,3330.0
k_bulk,3.14
cp_bulk,1250.0
alpha_bulk,3.4e-05
T_base,1330.0
HP_itype,0
Q_crust,0
Q_mantle,0
Ao,0
ar,8400
L_crust_ref,32500.0
L_lith_ref,125000.0
rho_crust_ref,2800.0
rho_mantle_ref,3330.0
iuse_trans,1
kappa_lith,7.54354354354354e-07
iuse_temp_dep_k,0
nrelax,4
nsublayers,5
iuse_anomalous_heatflow,1
hf_reduc_fac,hf_reduc_fac.dat
k_water,0.7
Q_water,0.0
icalc_SWIT,0
iupdate_PWD,0
T_top_input,1
lat_LL,-42.6
lon_LL,-57.8
splate,SAM
inert_frac,0.166666666666667
adsorption_perc,6.0
ioutput_burial,0
ioutput_FW_TTS,0
ioutput_HFTOT,0
ioutput_HF_ANOM,0
ioutput_HF_ANOM,0
icalc_temp,1
icalc_LOM,1
imass_gen,1
isalt_restore,0
salt_layer_index,0
search_rad,20
NotUsed1,0
NotUsed2,0
NotUsed3,0
NotUsed4,0
NotUsed5,0
NotUsed6,0
NotUsed7,0
NotUsed8,0
NotUsed9,0
NotUsed10,0
NotUsed11,0
NotUsed12,0
NotUsed13,0
NotUsed14,0
iuse_flexure,0
temp_elastic,200
dist_taper,250
xth_file_name,None
ioutput_TEMP,0
ioutput_Ro,0
ioutput_LOM,0
ioutput_TR,0
ioutput_mHC,0
ioutput_mODG,0
ioutput_mFG,0
ioutput_SEC_mFG,0
ioutput_EXPRATE,0
ioutput_SEC_EXPRATE,0
TRmin,0
TRmax,1
gas_frac_adj_TRmin,1
gas_frac_adj_TRmax,1
ahf_max,250
iuse_high_lom_gas,1
