Name,Matrix Velocity m/s,Matrix HP: microW/m3,Grain k: W/m/K,Grain Cp: J/kg/K,Grain rho: kg/m3,Surface Porosity %,Porosity Decay Depth (km),d,f,Reference,ID,OMT,HI,TOC,Kinetics,Source Thickness (m),Not Used,OIL_API,Gas_Grav,Pore_Threshold_Frac,Gas_Frac_Scenario,Polar_Frac_Scenario
s1,5000.0,0.0,3.6,850.0,2720.0,41.0,3.22580645,1.66,0.261,Sandstone_Test,1,Type_II,500.0,5.0,early,250.0,200.0,35.0,0.8,0.06,base,base
s2,5000.0,0.0,3.6,850.0,2720.0,41.0,3.22580645,1.66,0.261,Sandstone_Test,2,Type_II,500.0,5.0,early,250.0,200.0,35.0,0.8,0.06,base,base
s3,5000.0,0.0,3.6,850.0,2720.0,41.0,3.22580645,1.66,0.261,Sandstone_Test,3,Type_II,500.0,5.0,early,250.0,200.0,35.0,0.8,0.06,base,base
s4,5000.0,0.0,3.6,850.0,2720.0,41.0,3.22580645,1.66,0.261,Sandstone_Test,4,Type_II,500.0,5.0,early,250.0,200.0,35.0,0.8,0.06,base,base
SH1,5000.0,2.0,1.85,850.0,2700.0,70.0,1.20481928,1.75,0.265,Shale_Test,5,Type_II,500.0,5.0,early,250.0,200.0,35.0,0.8,0.06,base,base
SH2,5000.0,2.0,1.85,850.0,2700.0,70.0,1.20481928,1.75,0.265,Shale_Test,6,Type_II,500.0,5.0,early,250.0,200.0,35.0,0.8,0.06,base,base
SH3,5000.0,2.0,1.85,850.0,2700.0,70.0,1.20481928,1.75,0.265,Shale_Test,7,Type_II,500.0,5.0,early,250.0,200.0,35.0,0.8,0.06,base,base
SH4,5000.0,2.0,1.85,850.0,2700.0,70.0,1.20481928,1.75,0.265,Shale_Test,8,Type_II,500.0,5.0,early,250.0,200.0,35.0,0.8,0.06,base,base
s5,5000.0,0.0,3.6,850.0,2720.0,41.0,3.22580645,1.66,0.261,Sandstone_Test,9,Type_II,500.0,5.0,early,250.0,200.0,35.0,0.8,0.06,base,base
s6,5000.0,0.0,3.6,850.0,2720.0,41.0,3.22580645,1.66,0.261,Sandstone_Test,10,Type_II,500.0,5.0,early,250.0,200.0,35.0,0.8,0.06,base,base
s7,5000.0,0.0,3.6,850.0,2720.0,41.0,3.22580645,1.66,0.261,Sandstone_Test,11,Type_II,500.0,5.0,early,250.0,200.0,35.0,0.8,0.06,base,base
s8,5000.0,0.0,3.6,850.0,2720.0,41.0,3.22580645,1.66,0.261,Sandstone_Test,12,Type_II,500.0,5.0,early,250.0,200.0,35.0,0.8,0.06,base,base
BSMT,5000.0,0.0,3.6,850.0,2720.0,41.0,3.22580645,1.66,0.261,Sandstone_Test,13,Type_II,500.0,5.0,early,250.0,200.0,35.0,0.8,0.06,base,base
