,,,,,,,,,,,,
,,,Run 1,Run 2,Run 3,Run 4,Run 5,Run 6,Run 7,Run 8,Run 9,Run 10
,,Change in Background Heat Flow (mW/m2),0,-5,5,0,-5,5,0,-5,5,
,,Change in Crustal Thickness (meters),0,0,0,0,0,0,0,0,0,
,,Change in Beta / Delta (Thinning Ratio),0,0,0,0,0,0,0,0,0,
,,Change in Deformation Age (Ma),0,0,0,0,0,0,0,0,0,
,,Change in Heat Flow Reduction Factor,0,0,0,0,0,0,0,0,0,
,,Change in Elastic Isotherm (C ),0,0,0,0,0,0,0,0,0,
,,Change in Porosity Decay Depth (km),0,0,0,0,0,0,0,0,0,
,,Change in Surface Porosity (% units),0,0,0,0,0,0,0,0,0,
,,Change in TOC (wt%),0,0,0,0,0,0,0,0,0,
,,Change in HI (mgHC/gTOC),0,0,0,0,0,0,0,0,0,
,,Change in Source Thickness (m),0,0,0,0,0,0,0,0,0,
,,Change in Oil API,0,0,0,0,0,0,0,0,0,
,,Change in Gas Gravity (air),0,0,0,0,0,0,0,0,0,
,,Change in Porosity Threshold (fraction),0,0,0,0,0,0,0,0,0,
,,Change in Adsorption Threshold (% units),0,0,0,0,0,0,0,0,0,
,,Change in Inert Fraction,0,0,0,0,0,0,0,0,0,
,,Kinetics,normal,normal,normal,early,early,early,late,late,late,
,,Gas Fraction,base_case_model,base_case_model,base_case_model,base_case_model,base_case_model,base_case_model,base_case_model,base_case_model,base_case_model,
,,Polar Fraction,base_case_model,base_case_model,base_case_model,base_case_model,base_case_model,base_case_model,base_case_model,base_case_model,base_case_model,
All changes are defined with respect to base model case,,,,,,,,,,,,
,,,Source Scenarios for Bulk GOR Calculation,,,,,,,,,
,,Run 1,ALL,,,,,,,,,
,,Run 2,ALL,,,,,,,,,
,,Run 3,ALL,,,,,,,,,
,,Run 4,ALL,,,,,,,,,
,,Run 5,ALL,,,,,,,,,
,,Run 6,ALL,,,,,,,,,
,,Run 7,ALL,,,,,,,,,
,,Run 8,ALL,,,,,,,,,
,,Run 9,ALL,,,,,,,,,
,,Run 10,,,,,,,,,,
