Ntops,14,,,,,!! First Map Controls Resolution !!,,,Goto RockProps,,,,
ID,Age (Ma),Top Names,Event Type,TVD Maps (subsea: m),Erosion Shift Maps (m),Water Depth Maps (m),Salt Thickness Maps (m),TWT Maps (subsea: ms),Lithology ID Maps,Interval Velocity Maps (m/s),Sea Level/Base Level Change (m),Petroleum Systems Element,Fetch Polygon Ascii File
1,0,WB,Deposition,TOP01_WB_0Ma.dat,,TOP01_WB_0Ma.dat,,,LITH_ID1_Baranca.dat,2500,0,,MigrationPolys_0Ma.poly
2,7,Mio,Deposition,TOP02_MioInterp_7Ma.dat,,,,,LITH_ID1_Baranca.dat,2500,0,,MigrationPolys_7Ma.poly
3,14,MioMid,Deposition,TOP03_MioMidInterp_14Ma.dat,,,,,LITH_ID1_Baranca.dat,2500,0,,MigrationPolys_14Ma.poly
4,23,Olig,Deposition,TOP04_OligInterp_23Ma.dat,,,,,LITH_ID1_Baranca.dat,2500,0,,MigrationPolys_23Ma.poly
5,34,Elvira,Deposition,TOP05_ElviraL13f9g_34Ma.dat,,,,,LITH_ID2_Elvira.dat,2500,0,,MigrationPolys_34Ma.poly
6,56,PedroLuro,Deposition,TOP06_PedroLuroL13f9f_56Ma.dat,,,,,LITH_ID3_Pedro.dat,2500,0,,MigrationPolys_56Ma.poly
7,66,Colo,Deposition,TOP07_ColoradoL13f9e_66Ma.dat,,,,,LITH_ID4_Colo.dat,2500,0,Trap,MigrationPolys_56Ma.poly
8,88,ColoInterp,Deposition,TOP08_ColoradoInterp_88Ma.dat,,,,,LITH_ID4_Colo.dat,2500,0,,
9,110,SagOne,Deposition,TOP09_SagOneL13f9d_110Ma.dat,,,,,LITH_ID4_Colo.dat,2500,0,,
10,115,SagOneInterp,Deposition,TOP10_SagOneInterp_115Ma.dat,,,,,LITH_ID4_ID7src_Colo.dat,2500,0,,
11,120,SagTwo,Deposition,TOP11_SagTwoL13f9c_120Ma.dat,,,,,LITH_ID4_Colo.dat,2500,0,,
12,130,LCretBU,Deposition,TOP12_LCretBuL13f9b_130Ma.dat,,,,,LITH_ID5_ID6src_SynRift.dat,2500,0,Source,
13,160,SynRift,Deposition,TOP13_SynRiftInterp_160Ma.dat,,,,,LITH_ID5_SynRift.dat,2500,0,,
14,200,PermBsmt,Deposition,TOP14_PermBsmtL13f9a_200Ma.dat,,,,,LITH_ID5_SynRift.dat,2500,0,,
15,,,,,,,,,,,,,
16,,,,,,,,,,,,,
17,,,,,,,,,,,,,
18,,,,,,,,,,,,,
19,,,,,,,,,,,,,
20,,,,,,,,,,,,,
21,,,,,,,,,,,,,
22,,,,,,,,,,,,,
23,,,,,,,,,,,,,
24,,,,,,,,,,,,,
25,,,,,,,,,,,,,
26,,,,,,,,,,,,,
27,,,,,,,,,,,,,
28,,,,,,,,,,,,,
29,,,,,,,,,,,,,
30,,,,,,,,,,,,,
nphases_name,DEF_nphases.dat,# name of zmap with the number of phases used for finite rifting model,,,,,,,,,,,
start_age_rift1_name,DEFev1_StartAge.dat,# name of zmap with the start age of rift event 1,,,,,,,,,,,
start_age_rift2_name,DEFev2_StartAge.dat,# name of zmap with the end age of rift event 1,,,,,,,,,,,
start_age_rift3_name,,# name of zmap with the start age of rift event 2,,,,,,,,,,,
end_age_rift1_name,DEFev1_EndAge.dat,# name of zmap with the end age of rift event 2,,,,,,,,,,,
end_age_rift2_name,DEFev2_EndAge.dat,# name of zmap with the start age of rift event 3,,,,,,,,,,,
end_age_rift2_name,,# name of zmap with the end age of rift event 3,,,,,,,,,,,
mantlefac_rift1_name,DEFev1_mantlefac.dat,# name of zmap with rift1 factor multiplied by delta used to define mantle stretching: Beta = Delta*fac,,,,,,,,,,,
mantlefac_rift2_name,DEFev2_mantlefac.dat,# name of zmap with rift2 factor multiplied by delta used to define mantle stretching: Beta = Delta*fac,,,,,,,,,,,
mantlefac_rift3_name,,# name of zmap with rift3 factor multiplied by delta used to define mantle stretching: Beta = Delta*fac,,,,,,,,,,,
riftmag_rift1_name,DEFev1_riftmag.dat,# name of zmap with magnitude of rift 1 used to partition delta among multiple phases,,,,,,,,,,,
riftmag_rift2_name,DEFev2_riftmag.dat,# name of zmap with magnitude of rift 2 used to partition delta among multiple phases,,,,,,,,,,,
riftmag_rift3_name,,# name of zmap with magnitude of rift 3 used to partition delta among multiple phases,,,,,,,,,,,
background_hf_map_file,bghf_r50km.dat,# name of zmap with background heat flow,,,,,,,,,,,
idepth_model,0,# 0 = Top depth maps with depth (TVD: meters) are read and time (TWT: ms) is calculated using interval velocity defined by the user : 1 = Top depth maps in milliseconds (TWT) are read and depth (TVD: meters)  is calculated using interval velocity defined by the user and updated using compacation law,,,,,,,,,,,
niter_t2d_comp,6,# number of iterations for converting to depth using compaction law,,,,,,,,,,,
icompact,1, # 0 = no decompaction: 1 = compaction,,,,,,,,,,,
dt_age_PWD,10,# Time step used for PWD interpolation (Myr),,,,,,,,,,,
age_start_PWD,60,# Start age for PWD interpolation (Myr),,,,,,,,,,,
age_end_PWD,0,# End age for PWD interpolation (Myr),,,,,,,,,,,
inv_itype,0,# 0 = use analytical rift model: 1 = use numerical finite rift model,,,,,,,,,,,
shift_fac,1, # Shifts the end age of rifting to older age (within syn-rift) to account for the effects of finite rifting not including in instantaneous analytical model (Myr).,,,,,,,,,,,
TOL_delta_bisec,0.01,# Tolerance used for delta inversion (bisection),,,,,,,,,,,
iuse_numerical_rift,1, # Type of rift model :: 0 = use analytical rift model :: 1 = use numerical finite rift model,,,,,,,,,,,
itype_rho_a,1,# Asthenosphere density model :: 0 : rho_a = rho_mantle*(1-alpha*dT) :: 1 : rho_a = rho_mantle,,,,,,,,,,,
dt_Myr,1,# Diffusion timestep,,,,,,,,,,,
dt_rift_Myr,1,# Finite rifting timestep: dt_rift_Myr should be greater than dt_Myr,,,,,,,,,,,
dz_lith,5000,# FD grid spacing for lithosphere (m) ,,,,,,,,,,,
rift_itype,1,# rift_itype: 0 = constant velocity: 1 = constant strain rate,,,,,,,,,,,
tc_initial,32500,# Initital crustal thickness,,,,,,,,,,,
tm_initial,92500,# Initial mantle lithosphere thickness,,,,,,,,,,,
rho_water,1030,# Denisty of sea water,,,,,,,,,,,
rho_crust,2800,# Density of crust at zero degrees C,,,,,,,,,,,
rho_mantle,3330,# Density of the deforming mantle at zero degrees (kg/m/m/m),,,,,,,,,,,
k_bulk,3.14,# Bulk thermal conductivity of the lithosphere (W/m/K),,,,,,,,,,,
cp_bulk,1250,# Bulk heat capacity of the lithosphere (J/K/kg),,,,,,,,,,,
alpha_bulk,0.000034,# Bulk thermal expansivity of the lithosphere (1/C),,,,,,,,,,,
T_base,1330,# Temperature at the base of the lithosphere,,,,,,,,,,,
HP_itype,0,# Crustal heat production model :: 0 = two layer :: 1 = exponential decay,,,,,,,,,,,
Q_crust,0,# Crustal heat production for two layer model (W/m^3),,,,,,,,,,,
Q_mantle,0,# Mantle heat production for two layer model (W/m^3),,,,,,,,,,,
Ao,0,# Surface heat production for exponential model (W/m^3) ,,,,,,,,,,,
ar,8400,# Heat production depth constant for exponential model (m),,,,,,,,,,,
L_crust_ref,32500,# Thickness of reference crust (m) in FD model,,,,,,,,,,,
L_lith_ref,125000,# Thickness of reference lithosphere (m) in FD model,,,,,,,,,,,
rho_crust_ref,2800,# Density of reference crust (kg/m/m/m) at zero degrees in FD model,,,,,,,,,,,
rho_mantle_ref,3330,# Density of reference lithosphere (kg/m/m/m) at zero degrees in FD model,,,,,,,,,,,
iuse_trans,1, 0 = steady-state solution 1 = use transient,,,,,,,,,,,
kappa_lith,0.000000754, Thermal diffusivity used in analytical transient equations (m2/s),,,,,,,,,,,
iuse_temp_dep_k,1, 0 = don't use temperature dependent thermal conductivity, 1 = use temperature dependent thermal conductivity,,,,,,,,,,
nrelax,4, number of thermal relaxation steps for temperature dependent thermal conductivity,,,,,,,,,,,
nsublayers,5, number of sublayers per main layer,,,,,,,,,,,
iuse_anomalous_heatflow,1, 0 = just use background heat flow, 1 = use background + anomaly,,,,,,,,,,
hf_reduc_fac,allones.dat,anomalous heat flow calculated with forward model is divided by this number to account for hydrothermal circulation in oceanic environments,,,,,,,,,,,
k_water,0.7, pore water thermal conductivity (W/m/K),,,,,,,,,,,
 Q_water,0, pore water radiogenic heat production microW/m3,,,,,,,,,,,
icalc_SWIT,1, 0 = calculate surface water interface temperature using latitude longitude plate ID and PWD (under construction),,,,,,,,,,,
iupdate_PWD,1, 0 = don't update PWD based on forward model, 1 = update PWD using forward model (inv_itype must be equal 1),,,,,,,,,,
T_top_input,0, surface-water-interface temperature (C ) if icalc_SWIT = 0,,,,,,,,,,,
lat_LL,-42.6, longitude of lower-left corner (degrees),,,,,,,,,,,
lon_LL,-57.8, latitude of lower-left corner (degrees),,,,,,,,,,,
splate,SAM, PLATE used for SWIT calculation,,,,,,,,,,,
inert_frac,0.167,,,,,,,,,,,,
adsorption_perc,6,,,,,,,,,,,,
ioutput_burial,1,,,,,,,,,,,,
ioutput_FW_TTS,1,,,,,,,,,,,,
ioutput_HFTOT,1,,,,,,,,,,,,
ioutput_HF_ANOM,1,,,,,,,,,,,,
ioutput_HF_ANOM,1,,,,,,,,,,,,
icalc_temp,1,,,,,,,,,,,,
icalc_LOM,1,,,,,,,,,,,,
imass_gen,2,,,,,,,,,,,,
isalt_restore,0,0 = do not calculate original salt thickness, 1 = calculate original salt thickness using defined PWD and forward modeled thermo-tectonic subsidence and alternatives if activated,,,,,,,,,,
salt_layer_index,8,top ID of salt layer,,,,,,,,,,,
search_rad,20,Search radius (km) for low pass filter applied to salt thickness restoration and pwd corrections. If set to zero no filtering will be applied to map.,,,,,,,,,,,
iuse_age_map,,0 = not not produce salt thickness scenario based on salt seformation age maps , 1 = use this option to produce alternative scenario,,,,,,,,,,
salt_def_start_age,,name of zmap with the start age of salt deformation in Ma,,,,,,,,,,,
salt_def_end_age,,name of zmap with the end age of salt deformation in Ma,,,,,,,,,,,
iuse_subsidence_shift,0,0 = do not produce salt thickness scenario based on vertical shift from subsidence, 1 = use this option to produce alternaitve salt thickness scenario,,,,,,,,,,
x1,0,x-location (m) for 1st pin point used to define shift magnitude based on subsidence for shift-map based salt restorations,,,,,,,,,,,
y2,0,y-location (m) for 1st pin point used to define shift magnitude based on subsidence for shift-map based salt restorations,,,,,,,,,,,
x2,0,x-location (m) for 2nd pin point used to define shift magnitude based on subsidence for shift-map based salt restorations,,,,,,,,,,,
y2,0,y-location (m) for 2nd pin point used to define shift magnitude based on subsidence for shift-map based salt restorations,,,,,,,,,,,
x3,0,x-location (m) for 3rd pin point used to define shift magnitude based on subsidence for shift-map based salt restorations,,,,,,,,,,,
y3,0,y-location (m) for 3rd pin point used to define shift magnitude based on subsidence for shift-map based salt restorations,,,,,,,,,,,
x4,0,x-location (m) for 4th pin point used to define shift magnitude based on subsidence for shift-map based salt restorations,,,,,,,,,,,
y4,0,y-location (m) for 4th pin point used to define shift magnitude based on subsidence for shift-map based salt restorations,,,,,,,,,,,
shift_adjust_1st,0,Shift adjustment factor at first shift,,,,,,,,,,,
shift_adjust_salt,0,Shift adjustment factor at salt time,,,,,,,,,,,
iuse_flexure,0,0 = do not produce paleo-water depth (pwd) scenario based on regional flexure, 1 produce pwd scenario that include regional flexure,,,,,,,,,,
temp_elastic,400,Temperature of the elastic isotherm (C),,,,,,,,,,,
dist_taper,500,Taper distance used at the edges of the basin model (meters),,,,,,,,,,,
xth_file_name,best_fit_xth.dat,# Name of zmap with user defined crustal thickness (meters) used when inv_itype = -1 to define total crustal stretching factors,,,,,,,,,,,
ioutput_TEMP,2,# Temperature (C ) map export options: 0 = off, 1 = present-day and surface history, 2 = all surfaces and all ages,,,,,,,,,
ioutput_Ro,2,# Easy Ro map export options: 0 = off, 1 = present-day maps, 2 = all source surfaces and all ages,,,,,,,,,
ioutput_LOM,2,# EPR LOM export options: 0 = off, 1 = present-day maps, 2 = all source surfaces and all ages,,,,,,,,,
ioutput_TR,2,# Transformation Ratio map export options: 0 = off, 1 = present-day maps, 2 = all source surfaces and all ages,,,,,,,,,
ioutput_mHC,2,# Total Mass of Generated Hydrocarbons (mgHC per gTOC) map export options: 0 = off, 1 = present-day maps, 2 = all source surfaces and all ages,,,,,,,,,
ioutput_mODG,1, #Mass of Oil and Dissolved Gas Expulsed into Pores (mgHC per gTOC) export options: 0 = off, 1 = present-day maps, 2 = all source surfaces and all ages,,,,,,,,,
ioutput_mFG,1,# Mass of Free Primary Gas Expulsed into Pores (mgHC per gTOC) export options: 0 = off, 1 = present-day maps, 2 = all source surfaces and all ages,,,,,,,,,
ioutput_SEC_mFG,1,# Mass of Secondary Free Gas Expulsed into Pores (mgHC per gTOC) export options: 0 = off, 1 = present-day maps, 2 = all source  surfaces and all ages,,,,,,,,,
ioutput_EXPRATE,1,# Primary Pore Expulsion Rate (mg_gOC_Myr) export options: 0 = off, 1 = present-day maps, 2 = all source surfaces and all ages,,,,,,,,,
ioutput_SEC_EXPRATE,1,# Secondary Pore Expulsion Rate (mg_gOC_Myr) export options: 0 = off, 1 = present-day maps, 2 = all source surfaces and all ages,,,,,,,,,
TRmin,0,# Minimum transformation ratio used in variable gas fraction model,,,,,,,,,,,
TRmax,1,# Maximum transformation ratio used in variable gas fraction model,,,,,,,,,,,
gas_frac_adj_TRmin,0.3,# Gas fraction adjusment factor at minimum transormation ratio (TRmin),,,,,,,,,,,
gas_frac_adj_TRmax,1,# Gas fraction adjusment factor at maximum transormation ratio (TRmax),,,,,,,,,,,
ahf_max,250,# Maximum heat flow anomaly in mW/m^2,,,,,,,,,,,
iuse_high_lom_gas,1,# High LOM gas option: 0 = do not use high LOM gas, 1 = use high LOM gas,,,,,,,,,,
