data_type,Depth (m),,
,,,
contour_Interval,1000,,
minimum_value,0,,
maximum_value,20000,,
xmin_m,4459311,,
xmax_m,5344311,,
ymin_m,4867683.5,,
ymax_m,5845683.5,,
x-spacing_m,100000,,
y-spacing_m,100000,,
color_map,bwr,,
iplot_contour,1,,
iplot_clab,1,,
shading_str,gouraud,,
fdpi,200,,
fraction_val,0.05,,
pad_val,0.025,,
excluded_value,-99999,,
font_size,3,,
font_color,black,,
point_size,5,,
,Poly file name,size,color
poly_1,POLY_coast.poly,1,black
poly_2,,,
poly_3,,,
poly_4,,,
poly_5,,,
poly_6,,,
poly_7,,,
poly_8,,,
poly_9,,,
poly_10,,,
