,,,,,,,
,run type,monte_carlo,,,,,
,nruns,4,,,,,
,,,,,,,
,All changes (i.e. deltas) are defined with respect to base model case,Minimum Delta,Maximum Delta,Distribution Type,a_beta,b_beta,c_triangular
,Background Heat Flow (mW/m2),bghf_delta_min.dat, bghf_delta_max.dat,beta,2,2,0.5
,Crustal Thickness (meters),bghf_delta_min.dat, bghf_delta_max.dat,beta,2,2,0.5
,Beta / Delta (Thinning Ratio),bghf_delta_min.dat, bghf_delta_max.dat,beta,2,2,0.5
,Deformation Age (Ma),bghf_delta_min.dat, bghf_delta_max.dat,beta,2,2,0.5
,Heat Flow Reduction Factor,bghf_delta_min.dat, bghf_delta_max.dat,beta,2,2,0.5
,Elastic Isotherm (C ),-50,50,beta,2,2,0.5
,Porosity Decay Depth (km),bghf_delta_min.dat, bghf_delta_max.dat,beta,2,2,0.5
,Surface Porosity (% units),bghf_delta_min.dat, bghf_delta_max.dat,beta,2,2,0.5
,TOC (wt%),bghf_delta_min.dat, bghf_delta_max.dat,beta,2,2,0.5
,HI (mgHC/gTOC),bghf_delta_min.dat, bghf_delta_max.dat,beta,2,2,0.5
,Source Thickness (m),bghf_delta_min.dat, bghf_delta_max.dat,beta,2,2,0.5
,Oil API,bghf_delta_min.dat, bghf_delta_max.dat,beta,2,2,0.5
,Gas Gravity (air),bghf_delta_min.dat, bghf_delta_max.dat,beta,2,2,0.5
,Porosity Threshold (fraction),bghf_delta_min.dat, bghf_delta_max.dat,beta,2,2,0.5
,Adsorption Threshold (% units),-0.01,0.01,beta,2,2,0.5
,Inert Fraction,-0.01,0.01,beta,2,2,0.5
,,,,,,,
,Source Kinetics,,,,,,
,Probability of Early (frac),0.3,,,,,
,Probability of Normal (frac),0.4,,,,,
,Probability of Late (frac),0.3,,,,,
,,,,,,,
,Primary Gas Fraction,,,,,,
,Probability of Minimum (frac),0.3,,,,,
,Probability of Base (frac),0.4,,,,,
,Probability of maximum (frac),0.3,,,,,
,,,,,,,
,Primary Polar Fraction,,,,,,
,Probability of Minimum (frac),0.3,,,,,
,Probability of Base (frac),0.4,,,,,
,Probability of maximum (frac),0.3,,,,,
,,,,,,,
,Source Scenarios Used,,,,,,
,in Bulk GOR Calculation,,,,,,
,Probability of Scenario 1 (frac),0.3,,,,,
,Probability of Scenario 2 (frac),0.4,,,,,
,Probability of Scenario 3 (frac),0.3,,,,,
,Sources for Scenario 1,ALL,,,,,
,Sources for Scenario 2,1st,,,,,
,Sources for Scenario 3,1st,2nd,,,,
