Ntops,13
,Age (Ma),Top Names,Event Type,TVD Maps (subsea: m),Erosion Shift Maps (m),Water Depth Maps (m),,TWT Maps (subsea: ms),Lithology ID Maps,Interval Velocity Maps (m/s),Sea Level Change Maps (m)
,0.0,Sea Floor,Deposition,top_tvd_1.dat,shift_depo_1.dat,pwd_depo_1.dat,,top_twt_1.dat,lith_1.dat,1500.0,0.0
,25.0,Erosion,Deposition,top_tvd_2.dat,shift_depo_2.dat,pwd_depo_2.dat,,top_twt_2.dat,lith_2.dat,1500.0,100.38810298103
,50.0,Elvira,Deposition,top_tvd_3.dat,shift_depo_3.dat,pwd_depo_3.dat,,top_twt_3.dat,lith_3.dat,2777.07460742912,89.223318672531
,75.0,Late Cret Ero,Deposition,top_tvd_4.dat,shift_depo_4.dat,pwd_depo_4.dat,,top_twt_4.dat,lith_4.dat,2679.30356335555,160.335776053215
,100.0,Top Colorado,Deposition,top_tvd_5.dat,shift_depo_5.dat,pwd_depo_5.dat,,top_twt_5.dat,lith_5.dat,2976.04777605246,195.662195121951
,125.0,Mid Colorado,Deposition,top_tvd_6.dat,shift_depo_6.dat,pwd_depo_6.dat,,top_twt_6.dat,lith_6.dat,3261.60212695202,232.074119241192
,150.0,Sag 1,Deposition,top_tvd_7.dat,shift_depo_7.dat,pwd_depo_7.dat,,top_twt_7.dat,lith_7.dat,3594.83646852337,158.692771618625
,175.0,BU-Erosion,Deposition,top_tvd_8.dat,shift_depo_8.dat,pwd_depo_8.dat,,top_twt_8.dat,lith_8.dat,4281.36235567287,102.070487804878
,200.0,Top Syn-rift,Deposition,top_tvd_9.dat,shift_depo_9.dat,pwd_depo_9.dat,,top_twt_9.dat,lith_9.dat,4584.89858612722,123.972326454034
,225.0,Mid Syn-rift,Deposition,top_tvd_10.dat,shift_depo_10.dat,pwd_depo_10.dat,,top_twt_10.dat,lith_10.dat,4854.68911240055,95.4324390243903
,250.0,Lower Syn-rift,Deposition,top_tvd_11.dat,shift_depo_11.dat,pwd_depo_11.dat,,top_twt_11.dat,lith_11.dat,5092.65042242291,91.5626626016261
,275.0,Top-Pre-rift,Deposition,top_tvd_12.dat,shift_depo_12.dat,pwd_depo_12.dat,,top_twt_12.dat,lith_12.dat,4618.81827309689,0.0
,300.0,BSMT,Deposition,top_tvd_13.dat,shift_depo_13.dat,pwd_depo_13.dat,,top_twt_13.dat,lith_13.dat,0.0,0.0
,,,,,,,,,,,,
,,,,,,,,,,,,
,,,,,,,,,,,,
,,,,,,,,,,,,
,,,,,,,,,,,,
,,,,,,,,,,,,
,,,,,,,,,,,,
,,,,,,,,,,,,
,,,,,,,,,,,,
,,,,,,,,,,,,
,,,,,,,,,,,,
,,,,,,,,,,,,
,,,,,,,,,,,,
,,,,,,,,,,,,
,,,,,,,,,,,,
,,,,,,,,,,,,
,,,,,,,,,,,,
nphases,nphases.dat
start_age_rift1,start_age_rift1.dat
start_age_rift2,start_age_rift2.dat
start_age_rift3,start_age_rift3.dat
end_age_rift1,end_age_rift1.dat
end_age_rift2,end_age_rift2.dat
end_age_rift2,end_age_rift2.dat
mantlefac_rift1,mantlefac_rift1.dat
mantlefac_rift2,mantlefac_rift2.dat
mantlefac_rift3,mantlefac_rift3.dat
riftmag_rift1,riftmag_rift1.dat
riftmag_rift2,riftmag_rift2.dat
riftmag_rift3,riftmag_rift3.dat
background_hf,background_hf.dat
idepth_model,0
niter_t2d_comp,1
icompact,1
dt_age_PWD,5.0
age_start_PWD,60.0
age_end_PWD,0.0
inv_itype,0
shift_fac,1.0
TOL_delta_bisec,0.01
iuse_numerical_rift,0
itype_rho_a,1
dt_Myr,2.0
dt_rift_Myr,2.0
dz_lith,5000.0
rift_itype,1
tc_initial,32500.0
tm_initial,92500.0
rho_water,1030.0
rho_crust,2769.0
rho_mantle,3330.0
k_bulk,3.14
cp_bulk,1100.0
alpha_bulk,3.4e-05
T_base,1330.0
HP_itype,0
Q_crust,0
Q_mantle,0
Ao,0
ar,8400
L_crust_ref,32500.0
L_lith_ref,125000.0
rho_crust_ref,2769.0
rho_mantle_ref,3330.0
iuse_trans,1
kappa_lith,8.57220857220857e-07
iuse_temp_dep_k,1
nrelax,4
nsublayers,5
iuse_anomalous_heatflow,1
hf_reduc_fac,1.0
k_water,0.7
Q_water,0.0
icalc_SWIT,1
iupdate_PWD,0
T_top_input,1
lat_LL,-42.6
lon_LL,-57.8
splate,SAM
inert_frac,0.166666666666667
adsorption_perc,6.0
ioutput_burial,1
ioutput_FW_TTS,0
ioutput_HFTOT,0
ioutput_HF_ANOM,0
ioutput_HF_ANOM,0
