Ntops,8,,,,,,,,,,
,Age (Ma),Top Names,Event Type,TVD Maps (subsea: m),Erosion Shift Maps (m),Water Depth Maps (m),,TWT Maps (subsea: ms),Lithology ID Maps,Interval Velocity Maps (m/s),Sea Level Change Maps (m)
,0,Top_TVD_0Ma,Deposition,Top_6_Bathy_0Ma_5km5km.dat,All_Zeros.dat,Top_6_Bathy_0Ma_5km5km.dat,,All_Zeros.dat,lithology_map1.dat,2500,0
,23,Top_TVD_23Ma,Deposition,Top_23Ma.dat,All_Zeros.dat,All_Zeros.dat,,All_Zeros.dat,lithology_map1.dat,2500,0
,45,Top_TVD_45Ma,Deposition,Top_5_Elvira_45Ma.dat,All_Zeros.dat,All_Zeros.dat,,All_Zeros.dat,llithology_map2.dat,2500,0
,56,Top_TVD_56Ma,Deposition,Top_4_Pedro_Luro_56Ma.dat,All_Zeros.dat,All_Zeros.dat,,All_Zeros.dat,llithology_map3.dat,2500,0
,66,Top_TVD_66Ma,Deposition,Top_3_Colorado_66Ma.dat,All_Zeros.dat,All_Zeros.dat,,All_Zeros.dat,llithology_map3.dat,2500,0
,110,Top_TVD_110Ma,Deposition,Top_2_SagI_110Ma.dat,All_Zeros.dat,All_Zeros.dat,,All_Zeros.dat,llithology_map4.dat,2500,0
,138,Top_TVD_138Ma,Deposition,Top_1_BU_138Ma.dat,All_Zeros.dat,All_Zeros.dat,,All_Zeros.dat,llithology_map_synrift.dat,2500,0
,170,Top_TVD_170Ma,Deposition,Top_0_BSMT_170Ma.dat,All_Zeros.dat,All_Zeros.dat,,All_Zeros.dat,llithology_map_synrift.dat,2500,0
,,,,,,,,,,,
,,,,,,,,,,,
,,,,,,,,,,,
,,,,,,,,,,,
,,,,,,,,,,,
,,,,,,,,,,,
,,,,,,,,,,,
,,,,,,,,,,,
,,,,,,,,,,,
,,,,,,,,,,,
,,,,,,,,,,,
,,,,,,,,,,,
,,,,,,,,,,,
,,,,,,,,,,,
,,,,,,,,,,,
,,,,,,,,,,,
,,,,,,,,,,,
,,,,,,,,,,,
,,,,,,,,,,,
,,,,,,,,,,,
,,,,,,,,,,,
,,,,,,,,,,,
nphases_name,nphases.dat,# name of zmap with the number of phases used for finite rifting model,,,,,,,,,
start_age_rift1_name,start_age_rift1.dat,# name of zmap with the start age of rift event 1,,,,,,,,,
start_age_rift2_name,start_age_rift2.dat,# name of zmap with the end age of rift event 1,,,,,,,,,
start_age_rift3_name,start_age_rift3.dat,# name of zmap with the start age of rift event 2,,,,,,,,,
end_age_rift1_name,end_age_rift1.dat,# name of zmap with the end age of rift event 2,,,,,,,,,
end_age_rift2_name,end_age_rift2.dat,# name of zmap with the start age of rift event 3,,,,,,,,,
end_age_rift2_name,end_age_rift3.dat,# name of zmap with the end age of rift event 3,,,,,,,,,
mantlefac_rift1_name,mantlefac_rift1.dat,# name of zmap with rift1 factor multiplied by delta used to define mantle stretching: Beta = Delta*fac,,,,,,,,,
mantlefac_rift2_name,mantlefac_rift2.dat,# name of zmap with rift2 factor multiplied by delta used to define mantle stretching: Beta = Delta*fac,,,,,,,,,
mantlefac_rift3_name,mantlefac_rift3.dat,# name of zmap with rift3 factor multiplied by delta used to define mantle stretching: Beta = Delta*fac,,,,,,,,,
riftmag_rift1_name,riftmag_rift1.dat,# name of zmap with magnitude of rift 1 used to partition delta among multiple phases,,,,,,,,,
riftmag_rift2_name,riftmag_rift2.dat,# name of zmap with magnitude of rift 2 used to partition delta among multiple phases,,,,,,,,,
riftmag_rift3_name,riftmag_rift3.dat,# name of zmap with magnitude of rift 3 used to partition delta among multiple phases,,,,,,,,,
background_hf_map_file,background_hf_r2e5.dat,# name of zmap with background heat flow,,,,,,,,,
idepth_model,0,# 0 = Top depth maps with depth (TVD: meters) are read and time (TWT: ms) is calculated using interval velocity defined by the user : 1 = Top depth maps in milliseconds (TWT) are read and depth (TVD: meters)  is calculated using interval velocity defined by the user and updated using compacation law,,,,,,,,,
niter_t2d_comp,6,# number of iterations for converting to depth using compaction law,,,,,,,,,
icompact,1, # 0 = no decompaction: 1 = compaction,,,,,,,,,
dt_age_PWD,10,# Time step used for PWD interpolation (Myr),,,,,,,,,
age_start_PWD,60,# Start age for PWD interpolation (Myr),,,,,,,,,
age_end_PWD,0,# End age for PWD interpolation (Myr),,,,,,,,,
inv_itype,0,# 0 = use analytical rift model: 1 = use numerical finite rift model,,,,,,,,,
shift_fac,1, # Shifts the end age of rifting to older age (within syn-rift) to account for the effects of finite rifting not including in instantaneous analytical model (Myr).,,,,,,,,,
TOL_delta_bisec,0.01,# Tolerance used for delta inversion (bisection),,,,,,,,,
iuse_numerical_rift,0, # Type of rift model :: 0 = use analytical rift model :: 1 = use numerical finite rift model,,,,,,,,,
itype_rho_a,1,# Asthenosphere density model :: 0 : rho_a = rho_mantle*(1-alpha*dT) :: 1 : rho_a = rho_mantle,,,,,,,,,
dt_Myr,2,# Diffusion timestep,,,,,,,,,
dt_rift_Myr,2,# Finite rifting timestep: dt_rift_Myr should be greater than dt_Myr,,,,,,,,,
dz_lith,5000,# FD grid spacing for lithosphere (m) ,,,,,,,,,
rift_itype,1,# rift_itype: 0 = constant velocity: 1 = constant strain rate,,,,,,,,,
tc_initial,32500,# Initital crustal thickness,,,,,,,,,
tm_initial,92500,# Initial mantle lithosphere thickness,,,,,,,,,
rho_water,1030,# Denisty of sea water,,,,,,,,,
rho_crust,2800,# Density of crust at zero degrees C,,,,,,,,,
rho_mantle,3330,# Density of the deforming mantle at zero degrees (kg/m/m/m),,,,,,,,,
k_bulk,3.14,# Bulk thermal conductivity of the lithosphere (W/m/K),,,,,,,,,
cp_bulk,1250,# Bulk heat capacity of the lithosphere (J/K/kg),,,,,,,,,
alpha_bulk,0.000034,# Bulk thermal expansivity of the lithosphere (1/C),,,,,,,,,
T_base,1330,# Temperature at the base of the lithosphere �,,,,,,,,,
HP_itype,0,# Crustal heat production model :: 0 = two layer :: 1 = exponential decay,,,,,,,,,
Q_crust,0,# Crustal heat production for two layer model (W/m^3),,,,,,,,,
Q_mantle,0,# Mantle heat production for two layer model (W/m^3),,,,,,,,,
Ao,0,# Surface heat production for exponential model (W/m^3) ,,,,,,,,,
ar,8400,# Heat production depth constant for exponential model (m),,,,,,,,,
L_crust_ref,32500,# Thickness of reference crust (m) in FD model,,,,,,,,,
L_lith_ref,125000,# Thickness of reference lithosphere (m) in FD model,,,,,,,,,
rho_crust_ref,2800,# Density of reference crust (kg/m/m/m) at zero degrees in FD model,,,,,,,,,
rho_mantle_ref,3330,# Density of reference lithosphere (kg/m/m/m) at zero degrees in FD model,,,,,,,,,
iuse_trans,1, 0 = steady-state solution 1 = use transient,,,,,,,,,
kappa_lith,0.000000754, Thermal diffusivity used in analytical transient equations (m2/s),,,,,,,,,
iuse_temp_dep_k,1, 0 = don't use temperature dependent thermal conductivity; 1 = use temperature dependent thermal conductivity,,,,,,,,,
nrelax,4, number of thermal relaxation steps for temperature dependent thermal conductivity,,,,,,,,,
nsublayers,5, number of sublayers per main layer,,,,,,,,,
iuse_anomalous_heatflow,1, 0 = just use background heat flow; 1 = use background + anomaly,,,,,,,,,
hf_reduc_fac,1,anomalous heat flow calculated with forward model is divided by this number to account for hydrothermal circulation in oceanic environments,,,,,,,,,
k_water,0.7, pore water thermal conductivity (W/m/K),,,,,,,,,
 Q_water,0, pore water radiogenic heat production microW/m3,,,,,,,,,
icalc_SWIT,1, 0 = calculate surface water interface temperature using latitude longitude plate ID and PWD (under construction),,,,,,,,,
iupdate_PWD,1, 0 = don't update PWD based on forward model; 1 = update PWD using forward model (inv_itype must be equal 1),,,,,,,,,
T_top_input,0, surface-water-interface temperature (C ) if icalc_SWIT = 0,,,,,,,,,
lat_LL,-35, longitude of lower-left corner (degrees),,,,,,,,,
lon_LL,-58, latitude of lower-left corner (degrees),,,,,,,,,
splate,SAM, PLATE used for SWIT calculation,,,,,,,,,
inert_frac,0.167,,,,,,,,,,
adsorption_perc,6,,,,,,,,,,
ioutput_burial,1,,,,,,,,,,
ioutput_FW_TTS,0,,,,,,,,,,
ioutput_HFTOT,0,,,,,,,,,,
ioutput_HF_ANOM,0,,,,,,,,,,
ioutput_HF_ANOM,0,,,,,,,,,,
